0342,COMBINING GREEK PERISPOMENI,Mn,230,NSM,,,,,N,,,,,
0343,COMBINING GREEK KORONIS,Mn,230,NSM,0313,,,,N,,,,,
0344,COMBINING GREEK DIALYTIKA TONOS,Mn,230,NSM,0308 0301,,,,N,GREEK NON-SPACING DIAERESIS TONOS,,,,
0345,COMBINING GREEK YPOGEGRAMMENI,Mn,240,NSM,,,,,N,GREEK NON-SPACING IOTA BELOW,,0399,,0399
0370,GREEK CAPITAL LETTER HETA,Lu,0,L,,,,,N,,,,0371,
0371,GREEK SMALL LETTER HETA,Ll,0,L,,,,,N,,,0370,,0370
0372,GREEK CAPITAL LETTER ARCHAIC SAMPI,Lu,0,L,,,,,N,,,,0373,
0373,GREEK SMALL LETTER ARCHAIC SAMPI,Ll,0,L,,,,,N,,,0372,,0372
0374,GREEK NUMERAL SIGN,Lm,0,ON,02B9,,,,N,GREEK UPPER NUMERAL SIGN,,,,
0375,GREEK LOWER NUMERAL SIGN,Sk,0,ON,,,,,N,,,,,
0376,GREEK CAPITAL LETTER PAMPHYLIAN DIGAMMA,Lu,0,L,,,,,N,,,,0377,
0377,GREEK SMALL LETTER PAMPHYLIAN DIGAMMA,Ll,0,L,,,,,N,,,0376,,0376
037A,GREEK YPOGEGRAMMENI,Lm,0,L,<compat> 0020 0345,,,,N,GREEK SPACING IOTA BELOW,,,,
037B,GREEK SMALL REVERSED LUNATE SIGMA SYMBOL,Ll,0,L,,,,,N,,,03FD,,03FD
037C,GREEK SMALL DOTTED LUNATE SIGMA SYMBOL,Ll,0,L,,,,,N,,,03FE,,03FE
037D,GREEK SMALL REVERSED DOTTED LUNATE SIGMA SYMBOL,Ll,0,L,,,,,N,,,03FF,,03FF
037E,GREEK QUESTION MARK,Po,0,ON,003B,,,,N,,,,,
037F,GREEK CAPITAL LETTER YOT,Lu,0,L,,,,,N,,,,03F3,
0384,GREEK TONOS,Sk,0,ON,<compat> 0020 0301,,,,N,GREEK SPACING TONOS,,,,
0385,GREEK DIALYTIKA TONOS,Sk,0,ON,00A8 0301,,,,N,GREEK SPACING DIAERESIS TONOS,,,,
0386,GREEK CAPITAL LETTER ALPHA WITH TONOS,Lu,0,L,0391 0301,,,,N,GREEK CAPITAL LETTER ALPHA TONOS,,,03AC,
0387,GREEK ANO TELEIA,Po,0,ON,00B7,,,,N,,,,,
0388,GREEK CAPITAL LETTER EPSILON WITH TONOS,Lu,0,L,0395 0301,,,,N,GREEK CAPITAL LETTER EPSILON TONOS,,,03AD,
0389,GREEK CAPITAL LETTER ETA WITH TONOS,Lu,0,L,0397 0301,,,,N,GREEK CAPITAL LETTER ETA TONOS,,,03AE,
038A,GREEK CAPITAL LETTER IOTA WITH TONOS,Lu,0,L,0399 0301,,,,N,GREEK CAPITAL LETTER IOTA TONOS,,,03AF,
038C,GREEK CAPITAL LETTER OMICRON WITH TONOS,Lu,0,L,039F 0301,,,,N,GREEK CAPITAL LETTER OMICRON TONOS,,,03CC,
038E,GREEK CAPITAL LETTER UPSILON WITH TONOS,Lu,0,L,03A5 0301,,,,N,GREEK CAPITAL LETTER UPSILON TONOS,,,03CD,
038F,GREEK CAPITAL LETTER OMEGA WITH TONOS,Lu,0,L,03A9 0301,,,,N,GREEK CAPITAL LETTER OMEGA TONOS,,,03CE,
0390,GREEK SMALL LETTER IOTA WITH DIALYTIKA AND TONOS,Ll,0,L,03CA 0301,,,,N,GREEK SMALL LETTER IOTA DIAERESIS TONOS,,,,
0391,GREEK CAPITAL LETTER ALPHA,Lu,0,L,,,,,N,,,,03B1,
0392,GREEK CAPITAL LETTER BETA,Lu,0,L,,,,,N,,,,03B2,
0393,GREEK CAPITAL LETTER GAMMA,Lu,0,L,,,,,N,,,,03B3,
0394,GREEK CAPITAL LETTER DELTA,Lu,0,L,,,,,N,,,,03B4,
0395,GREEK CAPITAL LETTER EPSILON,Lu,0,L,,,,,N,,,,03B5,
0396,GREEK CAPITAL LETTER ZETA,Lu,0,L,,,,,N,,,,03B6,
0397,GREEK CAPITAL LETTER ETA,Lu,0,L,,,,,N,,,,03B7,
0398,GREEK CAPITAL LETTER THETA,Lu,0,L,,,,,N,,,,03B8,
0399,GREEK CAPITAL LETTER IOTA,Lu,0,L,,,,,N,,,,03B9,
039A,GREEK CAPITAL LETTER KAPPA,Lu,0,L,,,,,N,,,,03BA,
039B,GREEK CAPITAL LETTER LAMDA,Lu,0,L,,,,,N,GREEK CAPITAL LETTER LAMBDA,,,03BB,
039C,GREEK CAPITAL LETTER MU,Lu,0,L,,,,,N,,,,03BC,
039D,GREEK CAPITAL LETTER NU,Lu,0,L,,,,,N,,,,03BD,
039E,GREEK CAPITAL LETTER XI,Lu,0,L,,,,,N,,,,03BE,
039F,GREEK CAPITAL LETTER OMICRON,Lu,0,L,,,,,N,,,,03BF,
03A0,GREEK CAPITAL LETTER PI,Lu,0,L,,,,,N,,,,03C0,
03A1,GREEK CAPITAL LETTER RHO,Lu,0,L,,,,,N,,,,03C1,
03A3,GREEK CAPITAL LETTER SIGMA,Lu,0,L,,,,,N,,,,03C3,
03A4,GREEK CAPITAL LETTER TAU,Lu,0,L,,,,,N,,,,03C4,
03A5,GREEK CAPITAL LETTER UPSILON,Lu,0,L,,,,,N,,,,03C5,
03A6,GREEK CAPITAL LETTER PHI,Lu,0,L,,,,,N,,,,03C6,
03A7,GREEK CAPITAL LETTER CHI,Lu,0,L,,,,,N,,,,03C7,
03A8,GREEK CAPITAL LETTER PSI,Lu,0,L,,,,,N,,,,03C8,
03A9,GREEK CAPITAL LETTER OMEGA,Lu,0,L,,,,,N,,,,03C9,
03AA,GREEK CAPITAL LETTER IOTA WITH DIALYTIKA,Lu,0,L,0399 0308,,,,N,GREEK CAPITAL LETTER IOTA DIAERESIS,,,03CA,
03AB,GREEK CAPITAL LETTER UPSILON WITH DIALYTIKA,Lu,0,L,03A5 0308,,,,N,GREEK CAPITAL LETTER UPSILON DIAERESIS,,,03CB,
03AC,GREEK SMALL LETTER ALPHA WITH TONOS,Ll,0,L,03B1 0301,,,,N,GREEK SMALL LETTER ALPHA TONOS,,0386,,0386
03AD,GREEK SMALL LETTER EPSILON WITH TONOS,Ll,0,L,03B5 0301,,,,N,GREEK SMALL LETTER EPSILON TONOS,,0388,,0388
03AE,GREEK SMALL LETTER ETA WITH TONOS,Ll,0,L,03B7 0301,,,,N,GREEK SMALL LETTER ETA TONOS,,0389,,0389
03AF,GREEK SMALL LETTER IOTA WITH TONOS,Ll,0,L,03B9 0301,,,,N,GREEK SMALL LETTER IOTA TONOS,,038A,,038A
03B0,GREEK SMALL LETTER UPSILON WITH DIALYTIKA AND TONOS,Ll,0,L,03CB 0301,,,,N,GREEK SMALL LETTER UPSILON DIAERESIS TONOS,,,,
03B1,GREEK SMALL LETTER ALPHA,Ll,0,L,,,,,N,,,0391,,0391
03B2,GREEK SMALL LETTER BETA,Ll,0,L,,,,,N,,,0392,,0392
03B3,GREEK SMALL LETTER GAMMA,Ll,0,L,,,,,N,,,0393,,0393
03B4,GREEK SMALL LETTER DELTA,Ll,0,L,,,,,N,,,0394,,0394
03B5,GREEK SMALL LETTER EPSILON,Ll,0,L,,,,,N,,,0395,,0395
03B6,GREEK SMALL LETTER ZETA,Ll,0,L,,,,,N,,,0396,,0396
03B7,GREEK SMALL LETTER ETA,Ll,0,L,,,,,N,,,0397,,0397
03B8,GREEK SMALL LETTER THETA,Ll,0,L,,,,,N,,,0398,,0398
03B9,GREEK SMALL LETTER IOTA,Ll,0,L,,,,,N,,,0399,,0399
03BA,GREEK SMALL LETTER KAPPA,Ll,0,L,,,,,N,,,039A,,039A
03BB,GREEK SMALL LETTER LAMDA,Ll,0,L,,,,,N,GREEK SMALL LETTER LAMBDA,,039B,,039B
03BC,GREEK SMALL LETTER MU,Ll,0,L,,,,,N,,,039C,,039C
03BD,GREEK SMALL LETTER NU,Ll,0,L,,,,,N,,,039D,,039D
03BE,GREEK SMALL LETTER XI,Ll,0,L,,,,,N,,,039E,,039E
03BF,GREEK SMALL LETTER OMICRON,Ll,0,L,,,,,N,,,039F,,039F
03C0,GREEK SMALL LETTER PI,Ll,0,L,,,,,N,,,03A0,,03A0
03C1,GREEK SMALL LETTER RHO,Ll,0,L,,,,,N,,,03A1,,03A1
03C2,GREEK SMALL LETTER FINAL SIGMA,Ll,0,L,,,,,N,,,03A3,,03A3
03C3,GREEK SMALL LETTER SIGMA,Ll,0,L,,,,,N,,,03A3,,03A3
03C4,GREEK SMALL LETTER TAU,Ll,0,L,,,,,N,,,03A4,,03A4
03C5,GREEK SMALL LETTER UPSILON,Ll,0,L,,,,,N,,,03A5,,03A5
03C6,GREEK SMALL LETTER PHI,Ll,0,L,,,,,N,,,03A6,,03A6
03C7,GREEK SMALL LETTER CHI,Ll,0,L,,,,,N,,,03A7,,03A7
03C8,GREEK SMALL LETTER PSI,Ll,0,L,,,,,N,,,03A8,,03A8
03C9,GREEK SMALL LETTER OMEGA,Ll,0,L,,,,,N,,,03A9,,03A9
03CA,GREEK SMALL LETTER IOTA WITH DIALYTIKA,Ll,0,L,03B9 0308,,,,N,GREEK SMALL LETTER IOTA DIAERESIS,,03AA,,03AA
03CB,GREEK SMALL LETTER UPSILON WITH DIALYTIKA,Ll,0,L,03C5 0308,,,,N,GREEK SMALL LETTER UPSILON DIAERESIS,,03AB,,03AB
03CC,GREEK SMALL LETTER OMICRON WITH TONOS,Ll,0,L,03BF 0301,,,,N,GREEK SMALL LETTER OMICRON TONOS,,038C,,038C
03CD,GREEK SMALL LETTER UPSILON WITH TONOS,Ll,0,L,03C5 0301,,,,N,GREEK SMALL LETTER UPSILON TONOS,,038E,,038E
03CE,GREEK SMALL LETTER OMEGA WITH TONOS,Ll,0,L,03C9 0301,,,,N,GREEK SMALL LETTER OMEGA TONOS,,038F,,038F
03CF,GREEK CAPITAL KAI SYMBOL,Lu,0,L,,,,,N,,,,03D7,
03D0,GREEK BETA SYMBOL,Ll,0,L,<compat> 03B2,,,,N,GREEK SMALL LETTER CURLED BETA,,0392,,0392
03D1,GREEK THETA SYMBOL,Ll,0,L,<compat> 03B8,,,,N,GREEK SMALL LETTER SCRIPT THETA,,0398,,0398
03D2,GREEK UPSILON WITH HOOK SYMBOL,Lu,0,L,<compat> 03A5,,,,N,GREEK CAPITAL LETTER UPSILON HOOK,,,,
03D3,GREEK UPSILON WITH ACUTE AND HOOK SYMBOL,Lu,0,L,03D2 0301,,,,N,GREEK CAPITAL LETTER UPSILON HOOK TONOS,,,,
03D4,GREEK UPSILON WITH DIAERESIS AND HOOK SYMBOL,Lu,0,L,03D2 0308,,,,N,GREEK CAPITAL LETTER UPSILON HOOK DIAERESIS,,,,
03D5,GREEK PHI SYMBOL,Ll,0,L,<compat> 03C6,,,,N,GREEK SMALL LETTER SCRIPT PHI,,03A6,,03A6
03D6,GREEK PI SYMBOL,Ll,0,L,<compat> 03C0,,,,N,GREEK SMALL LETTER OMEGA PI,,03A0,,03A0
03D7,GREEK KAI SYMBOL,Ll,0,L,,,,,N,,,03CF,,03CF
03D8,GREEK LETTER ARCHAIC KOPPA,Lu,0,L,,,,,N,,,,03D9,
03D9,GREEK SMALL LETTER ARCHAIC KOPPA,Ll,0,L,,,,,N,,,03D8,,03D8
03DA,GREEK LETTER STIGMA,Lu,0,L,,,,,N,GREEK CAPITAL LETTER STIGMA,,,03DB,
03DB,GREEK SMALL LETTER STIGMA,Ll,0,L,,,,,N,,,03DA,,03DA
03DC,GREEK LETTER DIGAMMA,Lu,0,L,,,,,N,GREEK CAPITAL LETTER DIGAMMA,,,03DD,
03DD,GREEK SMALL LETTER DIGAMMA,Ll,0,L,,,,,N,,,03DC,,03DC
03DE,GREEK LETTER KOPPA,Lu,0,L,,,,,N,GREEK CAPITAL LETTER KOPPA,,,03DF,
03DF,GREEK SMALL LETTER KOPPA,Ll,0,L,,,,,N,,,03DE,,03DE
03E0,GREEK LETTER SAMPI,Lu,0,L,,,,,N,GREEK CAPITAL LETTER SAMPI,,,03E1,
03E1,GREEK SMALL LETTER SAMPI,Ll,0,L,,,,,N,,,03E0,,03E0
03E2,COPTIC CAPITAL LETTER SHEI,Lu,0,L,,,,,N,GREEK CAPITAL LETTER SHEI,,,03E3,
03E3,COPTIC SMALL LETTER SHEI,Ll,0,L,,,,,N,GREEK SMALL LETTER SHEI,,03E2,,03E2
03E4,COPTIC CAPITAL LETTER FEI,Lu,0,L,,,,,N,GREEK CAPITAL LETTER FEI,,,03E5,
03E5,COPTIC SMALL LETTER FEI,Ll,0,L,,,,,N,GREEK SMALL LETTER FEI,,03E4,,03E4
03E6,COPTIC CAPITAL LETTER KHEI,Lu,0,L,,,,,N,GREEK CAPITAL LETTER KHEI,,,03E7,
03E7,COPTIC SMALL LETTER KHEI,Ll,0,L,,,,,N,GREEK SMALL LETTER KHEI,,03E6,,03E6
03E8,COPTIC CAPITAL LETTER HORI,Lu,0,L,,,,,N,GREEK CAPITAL LETTER HORI,,,03E9,
03E9,COPTIC SMALL LETTER HORI,Ll,0,L,,,,,N,GREEK SMALL LETTER HORI,,03E8,,03E8
03EA,COPTIC CAPITAL LETTER GANGIA,Lu,0,L,,,,,N,GREEK CAPITAL LETTER GANGIA,,,03EB,
03EB,COPTIC SMALL LETTER GANGIA,Ll,0,L,,,,,N,GREEK SMALL LETTER GANGIA,,03EA,,03EA
03EC,COPTIC CAPITAL LETTER SHIMA,Lu,0,L,,,,,N,GREEK CAPITAL LETTER SHIMA,,,03ED,
03ED,COPTIC SMALL LETTER SHIMA,Ll,0,L,,,,,N,GREEK SMALL LETTER SHIMA,,03EC,,03EC
03EE,COPTIC CAPITAL LETTER DEI,Lu,0,L,,,,,N,GREEK CAPITAL LETTER DEI,,,03EF,
03EF,COPTIC SMALL LETTER DEI,Ll,0,L,,,,,N,GREEK SMALL LETTER DEI,,03EE,,03EE
03F0,GREEK KAPPA SYMBOL,Ll,0,L,<compat> 03BA,,,,N,GREEK SMALL LETTER SCRIPT KAPPA,,039A,,039A
03F1,GREEK RHO SYMBOL,Ll,0,L,<compat> 03C1,,,,N,GREEK SMALL LETTER TAILED RHO,,03A1,,03A1
03F2,GREEK LUNATE SIGMA SYMBOL,Ll,0,L,<compat> 03C2,,,,N,GREEK SMALL LETTER LUNATE SIGMA,,03F9,,03F9
03F3,GREEK LETTER YOT,Ll,0,L,,,,,N,,,037F,,037F
03F4,GREEK CAPITAL THETA SYMBOL,Lu,0,L,<compat> 0398,,,,N,,,,03B8,
03F5,GREEK LUNATE EPSILON SYMBOL,Ll,0,L,<compat> 03B5,,,,N,,,0395,,0395
03F6,GREEK REVERSED LUNATE EPSILON SYMBOL,Sm,0,ON,,,,,N,,,,,
03F7,GREEK CAPITAL LETTER SHO,Lu,0,L,,,,,N,,,,03F8,
03F8,GREEK SMALL LETTER SHO,Ll,0,L,,,,,N,,,03F7,,03F7
03F9,GREEK CAPITAL LUNATE SIGMA SYMBOL,Lu,0,L,<compat> 03A3,,,,N,,,,03F2,
03FA,GREEK CAPITAL LETTER SAN,Lu,0,L,,,,,N,,,,03FB,
03FB,GREEK SMALL LETTER SAN,Ll,0,L,,,,,N,,,03FA,,03FA
03FC,GREEK RHO WITH STROKE SYMBOL,Ll,0,L,,,,,N,,,,,
03FD,GREEK CAPITAL REVERSED LUNATE SIGMA SYMBOL,Lu,0,L,,,,,N,,,,037B,
03FE,GREEK CAPITAL DOTTED LUNATE SIGMA SYMBOL,Lu,0,L,,,,,N,,,,037C,
03FF,GREEK CAPITAL REVERSED DOTTED LUNATE SIGMA SYMBOL,Lu,0,L,,,,,N,,,,037D,
1D26,GREEK LETTER SMALL CAPITAL GAMMA,Ll,0,L,,,,,N,,,,,
1D27,GREEK LETTER SMALL CAPITAL LAMDA,Ll,0,L,,,,,N,,,,,
1D28,GREEK LETTER SMALL CAPITAL PI,Ll,0,L,,,,,N,,,,,
1D29,GREEK LETTER SMALL CAPITAL RHO,Ll,0,L,,,,,N,,,,,
1D2A,GREEK LETTER SMALL CAPITAL PSI,Ll,0,L,,,,,N,,,,,
1D5E,MODIFIER LETTER SMALL GREEK GAMMA,Lm,0,L,<super> 03B3,,,,N,,,,,
1D60,MODIFIER LETTER SMALL GREEK PHI,Lm,0,L,<super> 03C6,,,,N,,,,,
1D66,GREEK SUBSCRIPT SMALL LETTER BETA,Lm,0,L,<sub> 03B2,,,,N,,,,,
1D67,GREEK SUBSCRIPT SMALL LETTER GAMMA,Lm,0,L,<sub> 03B3,,,,N,,,,,
1D68,GREEK SUBSCRIPT SMALL LETTER RHO,Lm,0,L,<sub> 03C1,,,,N,,,,,
1D69,GREEK SUBSCRIPT SMALL LETTER PHI,Lm,0,L,<sub> 03C6,,,,N,,,,,
1D6A,GREEK SUBSCRIPT SMALL LETTER CHI,Lm,0,L,<sub> 03C7,,,,N,,,,,
1F00,GREEK SMALL LETTER ALPHA WITH PSILI,Ll,0,L,03B1 0313,,,,N,,,1F08,,1F08
1F01,GREEK SMALL LETTER ALPHA WITH DASIA,Ll,0,L,03B1 0314,,,,N,,,1F09,,1F09
1F02,GREEK SMALL LETTER ALPHA WITH PSILI AND VARIA,Ll,0,L,1F00 0300,,,,N,,,1F0A,,1F0A
1F03,GREEK SMALL LETTER ALPHA WITH DASIA AND VARIA,Ll,0,L,1F01 0300,,,,N,,,1F0B,,1F0B
1F04,GREEK SMALL LETTER ALPHA WITH PSILI AND OXIA,Ll,0,L,1F00 0301,,,,N,,,1F0C,,1F0C
1F05,GREEK SMALL LETTER ALPHA WITH DASIA AND OXIA,Ll,0,L,1F01 0301,,,,N,,,1F0D,,1F0D
1F06,GREEK SMALL LETTER ALPHA WITH PSILI AND PERISPOMENI,Ll,0,L,1F00 0342,,,,N,,,1F0E,,1F0E
1F07,GREEK SMALL LETTER ALPHA WITH DASIA AND PERISPOMENI,Ll,0,L,1F01 0342,,,,N,,,1F0F,,1F0F
1F08,GREEK CAPITAL LETTER ALPHA WITH PSILI,Lu,0,L,0391 0313,,,,N,,,,1F00,
1F09,GREEK CAPITAL LETTER ALPHA WITH DASIA,Lu,0,L,0391 0314,,,,N,,,,1F01,
1F0A,GREEK CAPITAL LETTER ALPHA WITH PSILI AND VARIA,Lu,0,L,1F08 0300,,,,N,,,,1F02,
1F0B,GREEK CAPITAL LETTER ALPHA WITH DASIA AND VARIA,Lu,0,L,1F09 0300,,,,N,,,,1F03,
1F0C,GREEK CAPITAL LETTER ALPHA WITH PSILI AND OXIA,Lu,0,L,1F08 0301,,,,N,,,,1F04,
1F0D,GREEK CAPITAL LETTER ALPHA WITH DASIA AND OXIA,Lu,0,L,1F09 0301,,,,N,,,,1F05,
1F0E,GREEK CAPITAL LETTER ALPHA WITH PSILI AND PERISPOMENI,Lu,0,L,1F08 0342,,,,N,,,,1F06,
1F0F,GREEK CAPITAL LETTER ALPHA WITH DASIA AND PERISPOMENI,Lu,0,L,1F09 0342,,,,N,,,,1F07,
1F10,GREEK SMALL LETTER EPSILON WITH PSILI,Ll,0,L,03B5 0313,,,,N,,,1F18,,1F18
1F11,GREEK SMALL LETTER EPSILON WITH DASIA,Ll,0,L,03B5 0314,,,,N,,,1F19,,1F19
1F12,GREEK SMALL LETTER EPSILON WITH PSILI AND VARIA,Ll,0,L,1F10 0300,,,,N,,,1F1A,,1F1A
1F13,GREEK SMALL LETTER EPSILON WITH DASIA AND VARIA,Ll,0,L,1F11 0300,,,,N,,,1F1B,,1F1B
1F14,GREEK SMALL LETTER EPSILON WITH PSILI AND OXIA,Ll,0,L,1F10 0301,,,,N,,,1F1C,,1F1C
1F15,GREEK SMALL LETTER EPSILON WITH DASIA AND OXIA,Ll,0,L,1F11 0301,,,,N,,,1F1D,,1F1D
1F18,GREEK CAPITAL LETTER EPSILON WITH PSILI,Lu,0,L,0395 0313,,,,N,,,,1F10,
1F19,GREEK CAPITAL LETTER EPSILON WITH DASIA,Lu,0,L,0395 0314,,,,N,,,,1F11,
1F1A,GREEK CAPITAL LETTER EPSILON WITH PSILI AND VARIA,Lu,0,L,1F18 0300,,,,N,,,,1F12,
1F1B,GREEK CAPITAL LETTER EPSILON WITH DASIA AND VARIA,Lu,0,L,1F19 0300,,,,N,,,,1F13,
1F1C,GREEK CAPITAL LETTER EPSILON WITH PSILI AND OXIA,Lu,0,L,1F18 0301,,,,N,,,,1F14,
1F1D,GREEK CAPITAL LETTER EPSILON WITH DASIA AND OXIA,Lu,0,L,1F19 0301,,,,N,,,,1F15,
1F20,GREEK SMALL LETTER ETA WITH PSILI,Ll,0,L,03B7 0313,,,,N,,,1F28,,1F28
1F21,GREEK SMALL LETTER ETA WITH DASIA,Ll,0,L,03B7 0314,,,,N,,,1F29,,1F29
1F22,GREEK SMALL LETTER ETA WITH PSILI AND VARIA,Ll,0,L,1F20 0300,,,,N,,,1F2A,,1F2A
1F23,GREEK SMALL LETTER ETA WITH DASIA AND VARIA,Ll,0,L,1F21 0300,,,,N,,,1F2B,,1F2B
1F24,GREEK SMALL LETTER ETA WITH PSILI AND OXIA,Ll,0,L,1F20 0301,,,,N,,,1F2C,,1F2C
1F25,GREEK SMALL LETTER ETA WITH DASIA AND OXIA,Ll,0,L,1F21 0301,,,,N,,,1F2D,,1F2D
1F26,GREEK SMALL LETTER ETA WITH PSILI AND PERISPOMENI,Ll,0,L,1F20 0342,,,,N,,,1F2E,,1F2E
1F27,GREEK SMALL LETTER ETA WITH DASIA AND PERISPOMENI,Ll,0,L,1F21 0342,,,,N,,,1F2F,,1F2F
1F28,GREEK CAPITAL LETTER ETA WITH PSILI,Lu,0,L,0397 0313,,,,N,,,,1F20,
1F29,GREEK CAPITAL LETTER ETA WITH DASIA,Lu,0,L,0397 0314,,,,N,,,,1F21,
1F2A,GREEK CAPITAL LETTER ETA WITH PSILI AND VARIA,Lu,0,L,1F28 0300,,,,N,,,,1F22,
1F2B,GREEK CAPITAL LETTER ETA WITH DASIA AND VARIA,Lu,0,L,1F29 0300,,,,N,,,,1F23,
1F2C,GREEK CAPITAL LETTER ETA WITH PSILI AND OXIA,Lu,0,L,1F28 0301,,,,N,,,,1F24,
1F2D,GREEK CAPITAL LETTER ETA WITH DASIA AND OXIA,Lu,0,L,1F29 0301,,,,N,,,,1F25,
1F2E,GREEK CAPITAL LETTER ETA WITH PSILI AND PERISPOMENI,Lu,0,L,1F28 0342,,,,N,,,,1F26,
1F2F,GREEK CAPITAL LETTER ETA WITH DASIA AND PERISPOMENI,Lu,0,L,1F29 0342,,,,N,,,,1F27,
1F30,GREEK SMALL LETTER IOTA WITH PSILI,Ll,0,L,03B9 0313,,,,N,,,1F38,,1F38
1F31,GREEK SMALL LETTER IOTA WITH DASIA,Ll,0,L,03B9 0314,,,,N,,,1F39,,1F39
1F32,GREEK SMALL LETTER IOTA WITH PSILI AND VARIA,Ll,0,L,1F30 0300,,,,N,,,1F3A,,1F3A
1F33,GREEK SMALL LETTER IOTA WITH DASIA AND VARIA,Ll,0,L,1F31 0300,,,,N,,,1F3B,,1F3B
1F34,GREEK SMALL LETTER IOTA WITH PSILI AND OXIA,Ll,0,L,1F30 0301,,,,N,,,1F3C,,1F3C
1F35,GREEK SMALL LETTER IOTA WITH DASIA AND OXIA,Ll,0,L,1F31 0301,,,,N,,,1F3D,,1F3D
1F36,GREEK SMALL LETTER IOTA WITH PSILI AND PERISPOMENI,Ll,0,L,1F30 0342,,,,N,,,1F3E,,1F3E
1F37,GREEK SMALL LETTER IOTA WITH DASIA AND PERISPOMENI,Ll,0,L,1F31 0342,,,,N,,,1F3F,,1F3F
1F38,GREEK CAPITAL LETTER IOTA WITH PSILI,Lu,0,L,0399 0313,,,,N,,,,1F30,
1F39,GREEK CAPITAL LETTER IOTA WITH DASIA,Lu,0,L,0399 0314,,,,N,,,,1F31,
1F3A,GREEK CAPITAL LETTER IOTA WITH PSILI AND VARIA,Lu,0,L,1F38 0300,,,,N,,,,1F32,
1F3B,GREEK CAPITAL LETTER IOTA WITH DASIA AND VARIA,Lu,0,L,1F39 0300,,,,N,,,,1F33,
1F3C,GREEK CAPITAL LETTER IOTA WITH PSILI AND OXIA,Lu,0,L,1F38 0301,,,,N,,,,1F34,
1F3D,GREEK CAPITAL LETTER IOTA WITH DASIA AND OXIA,Lu,0,L,1F39 0301,,,,N,,,,1F35,
1F3E,GREEK CAPITAL LETTER IOTA WITH PSILI AND PERISPOMENI,Lu,0,L,1F38 0342,,,,N,,,,1F36,
1F3F,GREEK CAPITAL LETTER IOTA WITH DASIA AND PERISPOMENI,Lu,0,L,1F39 0342,,,,N,,,,1F37,
1F40,GREEK SMALL LETTER OMICRON WITH PSILI,Ll,0,L,03BF 0313,,,,N,,,1F48,,1F48
1F41,GREEK SMALL LETTER OMICRON WITH DASIA,Ll,0,L,03BF 0314,,,,N,,,1F49,,1F49
1F42,GREEK SMALL LETTER OMICRON WITH PSILI AND VARIA,Ll,0,L,1F40 0300,,,,N,,,1F4A,,1F4A
1F43,GREEK SMALL LETTER OMICRON WITH DASIA AND VARIA,Ll,0,L,1F41 0300,,,,N,,,1F4B,,1F4B
1F44,GREEK SMALL LETTER OMICRON WITH PSILI AND OXIA,Ll,0,L,1F40 0301,,,,N,,,1F4C,,1F4C
1F45,GREEK SMALL LETTER OMICRON WITH DASIA AND OXIA,Ll,0,L,1F41 0301,,,,N,,,1F4D,,1F4D
1F48,GREEK CAPITAL LETTER OMICRON WITH PSILI,Lu,0,L,039F 0313,,,,N,,,,1F40,
1F49,GREEK CAPITAL LETTER OMICRON WITH DASIA,Lu,0,L,039F 0314,,,,N,,,,1F41,
1F4A,GREEK CAPITAL LETTER OMICRON WITH PSILI AND VARIA,Lu,0,L,1F48 0300,,,,N,,,,1F42,
1F4B,GREEK CAPITAL LETTER OMICRON WITH DASIA AND VARIA,Lu,0,L,1F49 0300,,,,N,,,,1F43,
1F4C,GREEK CAPITAL LETTER OMICRON WITH PSILI AND OXIA,Lu,0,L,1F48 0301,,,,N,,,,1F44,
1F4D,GREEK CAPITAL LETTER OMICRON WITH DASIA AND OXIA,Lu,0,L,1F49 0301,,,,N,,,,1F45,
1F50,GREEK SMALL LETTER UPSILON WITH PSILI,Ll,0,L,03C5 0313,,,,N,,,,,
1F51,GREEK SMALL LETTER UPSILON WITH DASIA,Ll,0,L,03C5 0314,,,,N,,,1F59,,1F59
1F52,GREEK SMALL LETTER UPSILON WITH PSILI AND VARIA,Ll,0,L,1F50 0300,,,,N,,,,,
1F53,GREEK SMALL LETTER UPSILON WITH DASIA AND VARIA,Ll,0,L,1F51 0300,,,,N,,,1F5B,,1F5B
1F54,GREEK SMALL LETTER UPSILON WITH PSILI AND OXIA,Ll,0,L,1F50 0301,,,,N,,,,,
1F55,GREEK SMALL LETTER UPSILON WITH DASIA AND OXIA,Ll,0,L,1F51 0301,,,,N,,,1F5D,,1F5D
1F56,GREEK SMALL LETTER UPSILON WITH PSILI AND PERISPOMENI,Ll,0,L,1F50 0342,,,,N,,,,,
1F57,GREEK SMALL LETTER UPSILON WITH DASIA AND PERISPOMENI,Ll,0,L,1F51 0342,,,,N,,,1F5F,,1F5F
1F59,GREEK CAPITAL LETTER UPSILON WITH DASIA,Lu,0,L,03A5 0314,,,,N,,,,1F51,
1F5B,GREEK CAPITAL LETTER UPSILON WITH DASIA AND VARIA,Lu,0,L,1F59 0300,,,,N,,,,1F53,
1F5D,GREEK CAPITAL LETTER UPSILON WITH DASIA AND OXIA,Lu,0,L,1F59 0301,,,,N,,,,1F55,
1F5F,GREEK CAPITAL LETTER UPSILON WITH DASIA AND PERISPOMENI,Lu,0,L,1F59 0342,,,,N,,,,1F57,
1F60,GREEK SMALL LETTER OMEGA WITH PSILI,Ll,0,L,03C9 0313,,,,N,,,1F68,,1F68
1F61,GREEK SMALL LETTER OMEGA WITH DASIA,Ll,0,L,03C9 0314,,,,N,,,1F69,,1F69
1F62,GREEK SMALL LETTER OMEGA WITH PSILI AND VARIA,Ll,0,L,1F60 0300,,,,N,,,1F6A,,1F6A
1F63,GREEK SMALL LETTER OMEGA WITH DASIA AND VARIA,Ll,0,L,1F61 0300,,,,N,,,1F6B,,1F6B
1F64,GREEK SMALL LETTER OMEGA WITH PSILI AND OXIA,Ll,0,L,1F60 0301,,,,N,,,1F6C,,1F6C
1F65,GREEK SMALL LETTER OMEGA WITH DASIA AND OXIA,Ll,0,L,1F61 0301,,,,N,,,1F6D,,1F6D
1F66,GREEK SMALL LETTER OMEGA WITH PSILI AND PERISPOMENI,Ll,0,L,1F60 0342,,,,N,,,1F6E,,1F6E
1F67,GREEK SMALL LETTER OMEGA WITH DASIA AND PERISPOMENI,Ll,0,L,1F61 0342,,,,N,,,1F6F,,1F6F
1F68,GREEK CAPITAL LETTER OMEGA WITH PSILI,Lu,0,L,03A9 0313,,,,N,,,,1F60,
1F69,GREEK CAPITAL LETTER OMEGA WITH DASIA,Lu,0,L,03A9 0314,,,,N,,,,1F61,
1F6A,GREEK CAPITAL LETTER OMEGA WITH PSILI AND VARIA,Lu,0,L,1F68 0300,,,,N,,,,1F62,
1F6B,GREEK CAPITAL LETTER OMEGA WITH DASIA AND VARIA,Lu,0,L,1F69 0300,,,,N,,,,1F63,
1F6C,GREEK CAPITAL LETTER OMEGA WITH PSILI AND OXIA,Lu,0,L,1F68 0301,,,,N,,,,1F64,
1F6D,GREEK CAPITAL LETTER OMEGA WITH DASIA AND OXIA,Lu,0,L,1F69 0301,,,,N,,,,1F65,
1F6E,GREEK CAPITAL LETTER OMEGA WITH PSILI AND PERISPOMENI,Lu,0,L,1F68 0342,,,,N,,,,1F66,
1F6F,GREEK CAPITAL LETTER OMEGA WITH DASIA AND PERISPOMENI,Lu,0,L,1F69 0342,,,,N,,,,1F67,
1F70,GREEK SMALL LETTER ALPHA WITH VARIA,Ll,0,L,03B1 0300,,,,N,,,1FBA,,1FBA
1F71,GREEK SMALL LETTER ALPHA WITH OXIA,Ll,0,L,03AC,,,,N,,,1FBB,,1FBB
1F72,GREEK SMALL LETTER EPSILON WITH VARIA,Ll,0,L,03B5 0300,,,,N,,,1FC8,,1FC8
1F73,GREEK SMALL LETTER EPSILON WITH OXIA,Ll,0,L,03AD,,,,N,,,1FC9,,1FC9
1F74,GREEK SMALL LETTER ETA WITH VARIA,Ll,0,L,03B7 0300,,,,N,,,1FCA,,1FCA
1F75,GREEK SMALL LETTER ETA WITH OXIA,Ll,0,L,03AE,,,,N,,,1FCB,,1FCB
1F76,GREEK SMALL LETTER IOTA WITH VARIA,Ll,0,L,03B9 0300,,,,N,,,1FDA,,1FDA
1F77,GREEK SMALL LETTER IOTA WITH OXIA,Ll,0,L,03AF,,,,N,,,1FDB,,1FDB
1F78,GREEK SMALL LETTER OMICRON WITH VARIA,Ll,0,L,03BF 0300,,,,N,,,1FF8,,1FF8
1F79,GREEK SMALL LETTER OMICRON WITH OXIA,Ll,0,L,03CC,,,,N,,,1FF9,,1FF9
1F7A,GREEK SMALL LETTER UPSILON WITH VARIA,Ll,0,L,03C5 0300,,,,N,,,1FEA,,1FEA
1F7B,GREEK SMALL LETTER UPSILON WITH OXIA,Ll,0,L,03CD,,,,N,,,1FEB,,1FEB
1F7C,GREEK SMALL LETTER OMEGA WITH VARIA,Ll,0,L,03C9 0300,,,,N,,,1FFA,,1FFA
1F7D,GREEK SMALL LETTER OMEGA WITH OXIA,Ll,0,L,03CE,,,,N,,,1FFB,,1FFB
1F80,GREEK SMALL LETTER ALPHA WITH PSILI AND YPOGEGRAMMENI,Ll,0,L,1F00 0345,,,,N,,,1F88,,1F88
1F81,GREEK SMALL LETTER ALPHA WITH DASIA AND YPOGEGRAMMENI,Ll,0,L,1F01 0345,,,,N,,,1F89,,1F89
1F82,GREEK SMALL LETTER ALPHA WITH PSILI AND VARIA AND YPOGEGRAMMENI,Ll,0,L,1F02 0345,,,,N,,,1F8A,,1F8A
1F83,GREEK SMALL LETTER ALPHA WITH DASIA AND VARIA AND YPOGEGRAMMENI,Ll,0,L,1F03 0345,,,,N,,,1F8B,,1F8B
1F84,GREEK SMALL LETTER ALPHA WITH PSILI AND OXIA AND YPOGEGRAMMENI,Ll,0,L,1F04 0345,,,,N,,,1F8C,,1F8C
1F85,GREEK SMALL LETTER ALPHA WITH DASIA AND OXIA AND YPOGEGRAMMENI,Ll,0,L,1F05 0345,,,,N,,,1F8D,,1F8D
1F86,GREEK SMALL LETTER ALPHA WITH PSILI AND PERISPOMENI AND YPOGEGRAMMENI,Ll,0,L,1F06 0345,,,,N,,,1F8E,,1F8E
1F87,GREEK SMALL LETTER ALPHA WITH DASIA AND PERISPOMENI AND YPOGEGRAMMENI,Ll,0,L,1F07 0345,,,,N,,,1F8F,,1F8F
1F88,GREEK CAPITAL LETTER ALPHA WITH PSILI AND PROSGEGRAMMENI,Lt,0,L,1F08 0345,,,,N,,,,1F80,
1F89,GREEK CAPITAL LETTER ALPHA WITH DASIA AND PROSGEGRAMMENI,Lt,0,L,1F09 0345,,,,N,,,,1F81,
1F8A,GREEK CAPITAL LETTER ALPHA WITH PSILI AND VARIA AND PROSGEGRAMMENI,Lt,0,L,1F0A 0345,,,,N,,,,1F82,
1F8B,GREEK CAPITAL LETTER ALPHA WITH DASIA AND VARIA AND PROSGEGRAMMENI,Lt,0,L,1F0B 0345,,,,N,,,,1F83,
1F8C,GREEK CAPITAL LETTER ALPHA WITH PSILI AND OXIA AND PROSGEGRAMMENI,Lt,0,L,1F0C 0345,,,,N,,,,1F84,
1F8D,GREEK CAPITAL LETTER ALPHA WITH DASIA AND OXIA AND PROSGEGRAMMENI,Lt,0,L,1F0D 0345,,,,N,,,,1F85,
1F8E,GREEK CAPITAL LETTER ALPHA WITH PSILI AND PERISPOMENI AND PROSGEGRAMMENI,Lt,0,L,1F0E 0345,,,,N,,,,1F86,
1F8F,GREEK CAPITAL LETTER ALPHA WITH DASIA AND PERISPOMENI AND PROSGEGRAMMENI,Lt,0,L,1F0F 0345,,,,N,,,,1F87,
1F90,GREEK SMALL LETTER ETA WITH PSILI AND YPOGEGRAMMENI,Ll,0,L,1F20 0345,,,,N,,,1F98,,1F98
1F91,GREEK SMALL LETTER ETA WITH DASIA AND YPOGEGRAMMENI,Ll,0,L,1F21 0345,,,,N,,,1F99,,1F99
1F92,GREEK SMALL LETTER ETA WITH PSILI AND VARIA AND YPOGEGRAMMENI,Ll,0,L,1F22 0345,,,,N,,,1F9A,,1F9A
1F93,GREEK SMALL LETTER ETA WITH DASIA AND VARIA AND YPOGEGRAMMENI,Ll,0,L,1F23 0345,,,,N,,,1F9B,,1F9B
1F94,GREEK SMALL LETTER ETA WITH PSILI AND OXIA AND YPOGEGRAMMENI,Ll,0,L,1F24 0345,,,,N,,,1F9C,,1F9C
1F95,GREEK SMALL LETTER ETA WITH DASIA AND OXIA AND YPOGEGRAMMENI,Ll,0,L,1F25 0345,,,,N,,,1F9D,,1F9D
1F96,GREEK SMALL LETTER ETA WITH PSILI AND PERISPOMENI AND YPOGEGRAMMENI,Ll,0,L,1F26 0345,,,,N,,,1F9E,,1F9E
1F97,GREEK SMALL LETTER ETA WITH DASIA AND PERISPOMENI AND YPOGEGRAMMENI,Ll,0,L,1F27 0345,,,,N,,,1F9F,,1F9F
1F98,GREEK CAPITAL LETTER ETA WITH PSILI AND PROSGEGRAMMENI,Lt,0,L,1F28 0345,,,,N,,,,1F90,
1F99,GREEK CAPITAL LETTER ETA WITH DASIA AND PROSGEGRAMMENI,Lt,0,L,1F29 0345,,,,N,,,,1F91,
1F9A,GREEK CAPITAL LETTER ETA WITH PSILI AND VARIA AND PROSGEGRAMMENI,Lt,0,L,1F2A 0345,,,,N,,,,1F92,
1F9B,GREEK CAPITAL LETTER ETA WITH DASIA AND VARIA AND PROSGEGRAMMENI,Lt,0,L,1F2B 0345,,,,N,,,,1F93,
1F9C,GREEK CAPITAL LETTER ETA WITH PSILI AND OXIA AND PROSGEGRAMMENI,Lt,0,L,1F2C 0345,,,,N,,,,1F94,
1F9D,GREEK CAPITAL LETTER ETA WITH DASIA AND OXIA AND PROSGEGRAMMENI,Lt,0,L,1F2D 0345,,,,N,,,,1F95,
1F9E,GREEK CAPITAL LETTER ETA WITH PSILI AND PERISPOMENI AND PROSGEGRAMMENI,Lt,0,L,1F2E 0345,,,,N,,,,1F96,
1F9F,GREEK CAPITAL LETTER ETA WITH DASIA AND PERISPOMENI AND PROSGEGRAMMENI,Lt,0,L,1F2F 0345,,,,N,,,,1F97,
1FA0,GREEK SMALL LETTER OMEGA WITH PSILI AND YPOGEGRAMMENI,Ll,0,L,1F60 0345,,,,N,,,1FA8,,1FA8
1FA1,GREEK SMALL LETTER OMEGA WITH DASIA AND YPOGEGRAMMENI,Ll,0,L,1F61 0345,,,,N,,,1FA9,,1FA9
1FA2,GREEK SMALL LETTER OMEGA WITH PSILI AND VARIA AND YPOGEGRAMMENI,Ll,0,L,1F62 0345,,,,N,,,1FAA,,1FAA
1FA3,GREEK SMALL LETTER OMEGA WITH DASIA AND VARIA AND YPOGEGRAMMENI,Ll,0,L,1F63 0345,,,,N,,,1FAB,,1FAB
1FA4,GREEK SMALL LETTER OMEGA WITH PSILI AND OXIA AND YPOGEGRAMMENI,Ll,0,L,1F64 0345,,,,N,,,1FAC,,1FAC
1FA5,GREEK SMALL LETTER OMEGA WITH DASIA AND OXIA AND YPOGEGRAMMENI,Ll,0,L,1F65 0345,,,,N,,,1FAD,,1FAD
1FA6,GREEK SMALL LETTER OMEGA WITH PSILI AND PERISPOMENI AND YPOGEGRAMMENI,Ll,0,L,1F66 0345,,,,N,,,1FAE,,1FAE
1FA7,GREEK SMALL LETTER OMEGA WITH DASIA AND PERISPOMENI AND YPOGEGRAMMENI,Ll,0,L,1F67 0345,,,,N,,,1FAF,,1FAF
1FA8,GREEK CAPITAL LETTER OMEGA WITH PSILI AND PROSGEGRAMMENI,Lt,0,L,1F68 0345,,,,N,,,,1FA0,
1FA9,GREEK CAPITAL LETTER OMEGA WITH DASIA AND PROSGEGRAMMENI,Lt,0,L,1F69 0345,,,,N,,,,1FA1,
1FAA,GREEK CAPITAL LETTER OMEGA WITH PSILI AND VARIA AND PROSGEGRAMMENI,Lt,0,L,1F6A 0345,,,,N,,,,1FA2,
1FAB,GREEK CAPITAL LETTER OMEGA WITH DASIA AND VARIA AND PROSGEGRAMMENI,Lt,0,L,1F6B 0345,,,,N,,,,1FA3,
1FAC,GREEK CAPITAL LETTER OMEGA WITH PSILI AND OXIA AND PROSGEGRAMMENI,Lt,0,L,1F6C 0345,,,,N,,,,1FA4,
1FAD,GREEK CAPITAL LETTER OMEGA WITH DASIA AND OXIA AND PROSGEGRAMMENI,Lt,0,L,1F6D 0345,,,,N,,,,1FA5,
1FAE,GREEK CAPITAL LETTER OMEGA WITH PSILI AND PERISPOMENI AND PROSGEGRAMMENI,Lt,0,L,1F6E 0345,,,,N,,,,1FA6,
1FAF,GREEK CAPITAL LETTER OMEGA WITH DASIA AND PERISPOMENI AND PROSGEGRAMMENI,Lt,0,L,1F6F 0345,,,,N,,,,1FA7,
1FB0,GREEK SMALL LETTER ALPHA WITH VRACHY,Ll,0,L,03B1 0306,,,,N,,,1FB8,,1FB8
1FB1,GREEK SMALL LETTER ALPHA WITH MACRON,Ll,0,L,03B1 0304,,,,N,,,1FB9,,1FB9
1FB2,GREEK SMALL LETTER ALPHA WITH VARIA AND YPOGEGRAMMENI,Ll,0,L,1F70 0345,,,,N,,,,,
1FB3,GREEK SMALL LETTER ALPHA WITH YPOGEGRAMMENI,Ll,0,L,03B1 0345,,,,N,,,1FBC,,1FBC
1FB4,GREEK SMALL LETTER ALPHA WITH OXIA AND YPOGEGRAMMENI,Ll,0,L,03AC 0345,,,,N,,,,,
1FB6,GREEK SMALL LETTER ALPHA WITH PERISPOMENI,Ll,0,L,03B1 0342,,,,N,,,,,
1FB7,GREEK SMALL LETTER ALPHA WITH PERISPOMENI AND YPOGEGRAMMENI,Ll,0,L,1FB6 0345,,,,N,,,,,
1FB8,GREEK CAPITAL LETTER ALPHA WITH VRACHY,Lu,0,L,0391 0306,,,,N,,,,1FB0,
1FB9,GREEK CAPITAL LETTER ALPHA WITH MACRON,Lu,0,L,0391 0304,,,,N,,,,1FB1,
1FBA,GREEK CAPITAL LETTER ALPHA WITH VARIA,Lu,0,L,0391 0300,,,,N,,,,1F70,
1FBB,GREEK CAPITAL LETTER ALPHA WITH OXIA,Lu,0,L,0386,,,,N,,,,1F71,
1FBC,GREEK CAPITAL LETTER ALPHA WITH PROSGEGRAMMENI,Lt,0,L,0391 0345,,,,N,,,,1FB3,
1FBD,GREEK KORONIS,Sk,0,ON,<compat> 0020 0313,,,,N,,,,,
1FBE,GREEK PROSGEGRAMMENI,Ll,0,L,03B9,,,,N,,,0399,,0399
1FBF,GREEK PSILI,Sk,0,ON,<compat> 0020 0313,,,,N,,,,,
1FC0,GREEK PERISPOMENI,Sk,0,ON,<compat> 0020 0342,,,,N,,,,,
1FC1,GREEK DIALYTIKA AND PERISPOMENI,Sk,0,ON,00A8 0342,,,,N,,,,,
1FC2,GREEK SMALL LETTER ETA WITH VARIA AND YPOGEGRAMMENI,Ll,0,L,1F74 0345,,,,N,,,,,
1FC3,GREEK SMALL LETTER ETA WITH YPOGEGRAMMENI,Ll,0,L,03B7 0345,,,,N,,,1FCC,,1FCC
1FC4,GREEK SMALL LETTER ETA WITH OXIA AND YPOGEGRAMMENI,Ll,0,L,03AE 0345,,,,N,,,,,
1FC6,GREEK SMALL LETTER ETA WITH PERISPOMENI,Ll,0,L,03B7 0342,,,,N,,,,,
1FC7,GREEK SMALL LETTER ETA WITH PERISPOMENI AND YPOGEGRAMMENI,Ll,0,L,1FC6 0345,,,,N,,,,,
1FC8,GREEK CAPITAL LETTER EPSILON WITH VARIA,Lu,0,L,0395 0300,,,,N,,,,1F72,
1FC9,GREEK CAPITAL LETTER EPSILON WITH OXIA,Lu,0,L,0388,,,,N,,,,1F73,
1FCA,GREEK CAPITAL LETTER ETA WITH VARIA,Lu,0,L,0397 0300,,,,N,,,,1F74,
1FCB,GREEK CAPITAL LETTER ETA WITH OXIA,Lu,0,L,0389,,,,N,,,,1F75,
1FCC,GREEK CAPITAL LETTER ETA WITH PROSGEGRAMMENI,Lt,0,L,0397 0345,,,,N,,,,1FC3,
1FCD,GREEK PSILI AND VARIA,Sk,0,ON,1FBF 0300,,,,N,,,,,
1FCE,GREEK PSILI AND OXIA,Sk,0,ON,1FBF 0301,,,,N,,,,,
1FCF,GREEK PSILI AND PERISPOMENI,Sk,0,ON,1FBF 0342,,,,N,,,,,
1FD0,GREEK SMALL LETTER IOTA WITH VRACHY,Ll,0,L,03B9 0306,,,,N,,,1FD8,,1FD8
1FD1,GREEK SMALL LETTER IOTA WITH MACRON,Ll,0,L,03B9 0304,,,,N,,,1FD9,,1FD9
1FD2,GREEK SMALL LETTER IOTA WITH DIALYTIKA AND VARIA,Ll,0,L,03CA 0300,,,,N,,,,,
1FD3,GREEK SMALL LETTER IOTA WITH DIALYTIKA AND OXIA,Ll,0,L,0390,,,,N,,,,,
1FD6,GREEK SMALL LETTER IOTA WITH PERISPOMENI,Ll,0,L,03B9 0342,,,,N,,,,,
1FD7,GREEK SMALL LETTER IOTA WITH DIALYTIKA AND PERISPOMENI,Ll,0,L,03CA 0342,,,,N,,,,,
1FD8,GREEK CAPITAL LETTER IOTA WITH VRACHY,Lu,0,L,0399 0306,,,,N,,,,1FD0,
1FD9,GREEK CAPITAL LETTER IOTA WITH MACRON,Lu,0,L,0399 0304,,,,N,,,,1FD1,
1FDA,GREEK CAPITAL LETTER IOTA WITH VARIA,Lu,0,L,0399 0300,,,,N,,,,1F76,
1FDB,GREEK CAPITAL LETTER IOTA WITH OXIA,Lu,0,L,038A,,,,N,,,,1F77,
1FDD,GREEK DASIA AND VARIA,Sk,0,ON,1FFE 0300,,,,N,,,,,
1FDE,GREEK DASIA AND OXIA,Sk,0,ON,1FFE 0301,,,,N,,,,,
1FDF,GREEK DASIA AND PERISPOMENI,Sk,0,ON,1FFE 0342,,,,N,,,,,
1FE0,GREEK SMALL LETTER UPSILON WITH VRACHY,Ll,0,L,03C5 0306,,,,N,,,1FE8,,1FE8
1FE1,GREEK SMALL LETTER UPSILON WITH MACRON,Ll,0,L,03C5 0304,,,,N,,,1FE9,,1FE9
1FE2,GREEK SMALL LETTER UPSILON WITH DIALYTIKA AND VARIA,Ll,0,L,03CB 0300,,,,N,,,,,
1FE3,GREEK SMALL LETTER UPSILON WITH DIALYTIKA AND OXIA,Ll,0,L,03B0,,,,N,,,,,
1FE4,GREEK SMALL LETTER RHO WITH PSILI,Ll,0,L,03C1 0313,,,,N,,,,,
1FE5,GREEK SMALL LETTER RHO WITH DASIA,Ll,0,L,03C1 0314,,,,N,,,1FEC,,1FEC
1FE6,GREEK SMALL LETTER UPSILON WITH PERISPOMENI,Ll,0,L,03C5 0342,,,,N,,,,,
1FE7,GREEK SMALL LETTER UPSILON WITH DIALYTIKA AND PERISPOMENI,Ll,0,L,03CB 0342,,,,N,,,,,
1FE8,GREEK CAPITAL LETTER UPSILON WITH VRACHY,Lu,0,L,03A5 0306,,,,N,,,,1FE0,
1FE9,GREEK CAPITAL LETTER UPSILON WITH MACRON,Lu,0,L,03A5 0304,,,,N,,,,1FE1,
1FEA,GREEK CAPITAL LETTER UPSILON WITH VARIA,Lu,0,L,03A5 0300,,,,N,,,,1F7A,
1FEB,GREEK CAPITAL LETTER UPSILON WITH OXIA,Lu,0,L,038E,,,,N,,,,1F7B,
1FEC,GREEK CAPITAL LETTER RHO WITH DASIA,Lu,0,L,03A1 0314,,,,N,,,,1FE5,
1FED,GREEK DIALYTIKA AND VARIA,Sk,0,ON,00A8 0300,,,,N,,,,,
1FEE,GREEK DIALYTIKA AND OXIA,Sk,0,ON,0385,,,,N,,,,,
1FEF,GREEK VARIA,Sk,0,ON,0060,,,,N,,,,,
1FF2,GREEK SMALL LETTER OMEGA WITH VARIA AND YPOGEGRAMMENI,Ll,0,L,1F7C 0345,,,,N,,,,,
1FF3,GREEK SMALL LETTER OMEGA WITH YPOGEGRAMMENI,Ll,0,L,03C9 0345,,,,N,,,1FFC,,1FFC
1FF4,GREEK SMALL LETTER OMEGA WITH OXIA AND YPOGEGRAMMENI,Ll,0,L,03CE 0345,,,,N,,,,,
1FF6,GREEK SMALL LETTER OMEGA WITH PERISPOMENI,Ll,0,L,03C9 0342,,,,N,,,,,
1FF7,GREEK SMALL LETTER OMEGA WITH PERISPOMENI AND YPOGEGRAMMENI,Ll,0,L,1FF6 0345,,,,N,,,,,
1FF8,GREEK CAPITAL LETTER OMICRON WITH VARIA,Lu,0,L,039F 0300,,,,N,,,,1F78,
1FF9,GREEK CAPITAL LETTER OMICRON WITH OXIA,Lu,0,L,038C,,,,N,,,,1F79,
1FFA,GREEK CAPITAL LETTER OMEGA WITH VARIA,Lu,0,L,03A9 0300,,,,N,,,,1F7C,
1FFB,GREEK CAPITAL LETTER OMEGA WITH OXIA,Lu,0,L,038F,,,,N,,,,1F7D,
1FFC,GREEK CAPITAL LETTER OMEGA WITH PROSGEGRAMMENI,Lt,0,L,03A9 0345,,,,N,,,,1FF3,
1FFD,GREEK OXIA,Sk,0,ON,00B4,,,,N,,,,,
1FFE,GREEK DASIA,Sk,0,ON,<compat> 0020 0314,,,,N,,,,,
2129,TURNED GREEK SMALL LETTER IOTA,So,0,ON,,,,,N,,,,,
2719,OUTLINED GREEK CROSS,So,0,ON,,,,,N,,,,,
271A,HEAVY GREEK CROSS,So,0,ON,,,,,N,,,,,
AB65,GREEK LETTER SMALL CAPITAL OMEGA,Ll,0,L,,,,,N,,,,,
10140,GREEK ACROPHONIC ATTIC ONE QUARTER,Nl,0,ON,,,,1/4,N,,,,,
10141,GREEK ACROPHONIC ATTIC ONE HALF,Nl,0,ON,,,,1/2,N,,,,,
10142,GREEK ACROPHONIC ATTIC ONE DRACHMA,Nl,0,ON,,,,1,N,,,,,
10143,GREEK ACROPHONIC ATTIC FIVE,Nl,0,ON,,,,5,N,,,,,
10144,GREEK ACROPHONIC ATTIC FIFTY,Nl,0,ON,,,,50,N,,,,,
10145,GREEK ACROPHONIC ATTIC FIVE HUNDRED,Nl,0,ON,,,,500,N,,,,,
10146,GREEK ACROPHONIC ATTIC FIVE THOUSAND,Nl,0,ON,,,,5000,N,,,,,
10147,GREEK ACROPHONIC ATTIC FIFTY THOUSAND,Nl,0,ON,,,,50000,N,,,,,
10148,GREEK ACROPHONIC ATTIC FIVE TALENTS,Nl,0,ON,,,,5,N,,,,,
10149,GREEK ACROPHONIC ATTIC TEN TALENTS,Nl,0,ON,,,,10,N,,,,,
1014A,GREEK ACROPHONIC ATTIC FIFTY TALENTS,Nl,0,ON,,,,50,N,,,,,
1014B,GREEK ACROPHONIC ATTIC ONE HUNDRED TALENTS,Nl,0,ON,,,,100,N,,,,,
1014C,GREEK ACROPHONIC ATTIC FIVE HUNDRED TALENTS,Nl,0,ON,,,,500,N,,,,,
1014D,GREEK ACROPHONIC ATTIC ONE THOUSAND TALENTS,Nl,0,ON,,,,1000,N,,,,,
1014E,GREEK ACROPHONIC ATTIC FIVE THOUSAND TALENTS,Nl,0,ON,,,,5000,N,,,,,
1014F,GREEK ACROPHONIC ATTIC FIVE STATERS,Nl,0,ON,,,,5,N,,,,,
10150,GREEK ACROPHONIC ATTIC TEN STATERS,Nl,0,ON,,,,10,N,,,,,
10151,GREEK ACROPHONIC ATTIC FIFTY STATERS,Nl,0,ON,,,,50,N,,,,,
10152,GREEK ACROPHONIC ATTIC ONE HUNDRED STATERS,Nl,0,ON,,,,100,N,,,,,
10153,GREEK ACROPHONIC ATTIC FIVE HUNDRED STATERS,Nl,0,ON,,,,500,N,,,,,
10154,GREEK ACROPHONIC ATTIC ONE THOUSAND STATERS,Nl,0,ON,,,,1000,N,,,,,
10155,GREEK ACROPHONIC ATTIC TEN THOUSAND STATERS,Nl,0,ON,,,,10000,N,,,,,
10156,GREEK ACROPHONIC ATTIC FIFTY THOUSAND STATERS,Nl,0,ON,,,,50000,N,,,,,
10157,GREEK ACROPHONIC ATTIC TEN MNAS,Nl,0,ON,,,,10,N,,,,,
10158,GREEK ACROPHONIC HERAEUM ONE PLETHRON,Nl,0,ON,,,,1,N,,,,,
10159,GREEK ACROPHONIC THESPIAN ONE,Nl,0,ON,,,,1,N,,,,,
1015A,GREEK ACROPHONIC HERMIONIAN ONE,Nl,0,ON,,,,1,N,,,,,
1015B,GREEK ACROPHONIC EPIDAUREAN TWO,Nl,0,ON,,,,2,N,,,,,
1015C,GREEK ACROPHONIC THESPIAN TWO,Nl,0,ON,,,,2,N,,,,,
1015D,GREEK ACROPHONIC CYRENAIC TWO DRACHMAS,Nl,0,ON,,,,2,N,,,,,
1015E,GREEK ACROPHONIC EPIDAUREAN TWO DRACHMAS,Nl,0,ON,,,,2,N,,,,,
1015F,GREEK ACROPHONIC TROEZENIAN FIVE,Nl,0,ON,,,,5,N,,,,,
10160,GREEK ACROPHONIC TROEZENIAN TEN,Nl,0,ON,,,,10,N,,,,,
10161,GREEK ACROPHONIC TROEZENIAN TEN ALTERNATE FORM,Nl,0,ON,,,,10,N,,,,,
10162,GREEK ACROPHONIC HERMIONIAN TEN,Nl,0,ON,,,,10,N,,,,,
10163,GREEK ACROPHONIC MESSENIAN TEN,Nl,0,ON,,,,10,N,,,,,
10164,GREEK ACROPHONIC THESPIAN TEN,Nl,0,ON,,,,10,N,,,,,
10165,GREEK ACROPHONIC THESPIAN THIRTY,Nl,0,ON,,,,30,N,,,,,
10166,GREEK ACROPHONIC TROEZENIAN FIFTY,Nl,0,ON,,,,50,N,,,,,
10167,GREEK ACROPHONIC TROEZENIAN FIFTY ALTERNATE FORM,Nl,0,ON,,,,50,N,,,,,
10168,GREEK ACROPHONIC HERMIONIAN FIFTY,Nl,0,ON,,,,50,N,,,,,
10169,GREEK ACROPHONIC THESPIAN FIFTY,Nl,0,ON,,,,50,N,,,,,
1016A,GREEK ACROPHONIC THESPIAN ONE HUNDRED,Nl,0,ON,,,,100,N,,,,,
1016B,GREEK ACROPHONIC THESPIAN THREE HUNDRED,Nl,0,ON,,,,300,N,,,,,
1016C,GREEK ACROPHONIC EPIDAUREAN FIVE HUNDRED,Nl,0,ON,,,,500,N,,,,,
1016D,GREEK ACROPHONIC TROEZENIAN FIVE HUNDRED,Nl,0,ON,,,,500,N,,,,,
1016E,GREEK ACROPHONIC THESPIAN FIVE HUNDRED,Nl,0,ON,,,,500,N,,,,,
1016F,GREEK ACROPHONIC CARYSTIAN FIVE HUNDRED,Nl,0,ON,,,,500,N,,,,,
10170,GREEK ACROPHONIC NAXIAN FIVE HUNDRED,Nl,0,ON,,,,500,N,,,,,
10171,GREEK ACROPHONIC THESPIAN ONE THOUSAND,Nl,0,ON,,,,1000,N,,,,,
10172,GREEK ACROPHONIC THESPIAN FIVE THOUSAND,Nl,0,ON,,,,5000,N,,,,,
10173,GREEK ACROPHONIC DELPHIC FIVE MNAS,Nl,0,ON,,,,5,N,,,,,
10174,GREEK ACROPHONIC STRATIAN FIFTY MNAS,Nl,0,ON,,,,50,N,,,,,
10175,GREEK ONE HALF SIGN,No,0,ON,,,,1/2,N,,,,,
10176,GREEK ONE HALF SIGN ALTERNATE FORM,No,0,ON,,,,1/2,N,,,,,
10177,GREEK TWO THIRDS SIGN,No,0,ON,,,,2/3,N,,,,,
10178,GREEK THREE QUARTERS SIGN,No,0,ON,,,,3/4,N,,,,,
10179,GREEK YEAR SIGN,So,0,ON,,,,,N,,,,,
1017A,GREEK TALENT SIGN,So,0,ON,,,,,N,,,,,
1017B,GREEK DRACHMA SIGN,So,0,ON,,,,,N,,,,,
1017C,GREEK OBOL SIGN,So,0,ON,,,,,N,,,,,
1017D,GREEK TWO OBOLS SIGN,So,0,ON,,,,,N,,,,,
1017E,GREEK THREE OBOLS SIGN,So,0,ON,,,,,N,,,,,
1017F,GREEK FOUR OBOLS SIGN,So,0,ON,,,,,N,,,,,
10180,GREEK FIVE OBOLS SIGN,So,0,ON,,,,,N,,,,,
10181,GREEK METRETES SIGN,So,0,ON,,,,,N,,,,,
10182,GREEK KYATHOS BASE SIGN,So,0,ON,,,,,N,,,,,
10183,GREEK LITRA SIGN,So,0,ON,,,,,N,,,,,
10184,GREEK OUNKIA SIGN,So,0,ON,,,,,N,,,,,
10185,GREEK XESTES SIGN,So,0,ON,,,,,N,,,,,
10186,GREEK ARTABE SIGN,So,0,ON,,,,,N,,,,,
10187,GREEK AROURA SIGN,So,0,ON,,,,,N,,,,,
10188,GREEK GRAMMA SIGN,So,0,ON,,,,,N,,,,,
10189,GREEK TRYBLION BASE SIGN,So,0,ON,,,,,N,,,,,
1018A,GREEK ZERO SIGN,No,0,ON,,,,0,N,,,,,
1018B,GREEK ONE QUARTER SIGN,No,0,ON,,,,1/4,N,,,,,
1018C,GREEK SINUSOID SIGN,So,0,ON,,,,,N,,,,,
1018D,GREEK INDICTION SIGN,So,0,L,,,,,N,,,,,
101A0,GREEK SYMBOL TAU RHO,So,0,ON,,,,,N,,,,,
1D200,GREEK VOCAL NOTATION SYMBOL-1,So,0,ON,,,,,N,,,,,
1D201,GREEK VOCAL NOTATION SYMBOL-2,So,0,ON,,,,,N,,,,,
1D202,GREEK VOCAL NOTATION SYMBOL-3,So,0,ON,,,,,N,,,,,
1D203,GREEK VOCAL NOTATION SYMBOL-4,So,0,ON,,,,,N,,,,,
1D204,GREEK VOCAL NOTATION SYMBOL-5,So,0,ON,,,,,N,,,,,
1D205,GREEK VOCAL NOTATION SYMBOL-6,So,0,ON,,,,,N,,,,,
1D206,GREEK VOCAL NOTATION SYMBOL-7,So,0,ON,,,,,N,,,,,
1D207,GREEK VOCAL NOTATION SYMBOL-8,So,0,ON,,,,,N,,,,,
1D208,GREEK VOCAL NOTATION SYMBOL-9,So,0,ON,,,,,N,,,,,
1D209,GREEK VOCAL NOTATION SYMBOL-10,So,0,ON,,,,,N,,,,,
1D20A,GREEK VOCAL NOTATION SYMBOL-11,So,0,ON,,,,,N,,,,,
1D20B,GREEK VOCAL NOTATION SYMBOL-12,So,0,ON,,,,,N,,,,,
1D20C,GREEK VOCAL NOTATION SYMBOL-13,So,0,ON,,,,,N,,,,,
1D20D,GREEK VOCAL NOTATION SYMBOL-14,So,0,ON,,,,,N,,,,,
1D20E,GREEK VOCAL NOTATION SYMBOL-15,So,0,ON,,,,,N,,,,,
1D20F,GREEK VOCAL NOTATION SYMBOL-16,So,0,ON,,,,,N,,,,,
1D210,GREEK VOCAL NOTATION SYMBOL-17,So,0,ON,,,,,N,,,,,
1D211,GREEK VOCAL NOTATION SYMBOL-18,So,0,ON,,,,,N,,,,,
1D212,GREEK VOCAL NOTATION SYMBOL-19,So,0,ON,,,,,N,,,,,
1D213,GREEK VOCAL NOTATION SYMBOL-20,So,0,ON,,,,,N,,,,,
1D214,GREEK VOCAL NOTATION SYMBOL-21,So,0,ON,,,,,N,,,,,
1D215,GREEK VOCAL NOTATION SYMBOL-22,So,0,ON,,,,,N,,,,,
1D216,GREEK VOCAL NOTATION SYMBOL-23,So,0,ON,,,,,N,,,,,
1D217,GREEK VOCAL NOTATION SYMBOL-24,So,0,ON,,,,,N,,,,,
1D218,GREEK VOCAL NOTATION SYMBOL-50,So,0,ON,,,,,N,,,,,
1D219,GREEK VOCAL NOTATION SYMBOL-51,So,0,ON,,,,,N,,,,,
1D21A,GREEK VOCAL NOTATION SYMBOL-52,So,0,ON,,,,,N,,,,,
1D21B,GREEK VOCAL NOTATION SYMBOL-53,So,0,ON,,,,,N,,,,,
1D21C,GREEK VOCAL NOTATION SYMBOL-54,So,0,ON,,,,,N,,,,,
1D21D,GREEK INSTRUMENTAL NOTATION SYMBOL-1,So,0,ON,,,,,N,,,,,
1D21E,GREEK INSTRUMENTAL NOTATION SYMBOL-2,So,0,ON,,,,,N,,,,,
1D21F,GREEK INSTRUMENTAL NOTATION SYMBOL-4,So,0,ON,,,,,N,,,,,
1D220,GREEK INSTRUMENTAL NOTATION SYMBOL-5,So,0,ON,,,,,N,,,,,
1D221,GREEK INSTRUMENTAL NOTATION SYMBOL-7,So,0,ON,,,,,N,,,,,
1D222,GREEK INSTRUMENTAL NOTATION SYMBOL-8,So,0,ON,,,,,N,,,,,
1D223,GREEK INSTRUMENTAL NOTATION SYMBOL-11,So,0,ON,,,,,N,,,,,
1D224,GREEK INSTRUMENTAL NOTATION SYMBOL-12,So,0,ON,,,,,N,,,,,
1D225,GREEK INSTRUMENTAL NOTATION SYMBOL-13,So,0,ON,,,,,N,,,,,
1D226,GREEK INSTRUMENTAL NOTATION SYMBOL-14,So,0,ON,,,,,N,,,,,
1D227,GREEK INSTRUMENTAL NOTATION SYMBOL-17,So,0,ON,,,,,N,,,,,
1D228,GREEK INSTRUMENTAL NOTATION SYMBOL-18,So,0,ON,,,,,N,,,,,
1D229,GREEK INSTRUMENTAL NOTATION SYMBOL-19,So,0,ON,,,,,N,,,,,
1D22A,GREEK INSTRUMENTAL NOTATION SYMBOL-23,So,0,ON,,,,,N,,,,,
1D22B,GREEK INSTRUMENTAL NOTATION SYMBOL-24,So,0,ON,,,,,N,,,,,
1D22C,GREEK INSTRUMENTAL NOTATION SYMBOL-25,So,0,ON,,,,,N,,,,,
1D22D,GREEK INSTRUMENTAL NOTATION SYMBOL-26,So,0,ON,,,,,N,,,,,
1D22E,GREEK INSTRUMENTAL NOTATION SYMBOL-27,So,0,ON,,,,,N,,,,,
1D22F,GREEK INSTRUMENTAL NOTATION SYMBOL-29,So,0,ON,,,,,N,,,,,
1D230,GREEK INSTRUMENTAL NOTATION SYMBOL-30,So,0,ON,,,,,N,,,,,
1D231,GREEK INSTRUMENTAL NOTATION SYMBOL-32,So,0,ON,,,,,N,,,,,
1D232,GREEK INSTRUMENTAL NOTATION SYMBOL-36,So,0,ON,,,,,N,,,,,
1D233,GREEK INSTRUMENTAL NOTATION SYMBOL-37,So,0,ON,,,,,N,,,,,
1D234,GREEK INSTRUMENTAL NOTATION SYMBOL-38,So,0,ON,,,,,N,,,,,
1D235,GREEK INSTRUMENTAL NOTATION SYMBOL-39,So,0,ON,,,,,N,,,,,
1D236,GREEK INSTRUMENTAL NOTATION SYMBOL-40,So,0,ON,,,,,N,,,,,
1D237,GREEK INSTRUMENTAL NOTATION SYMBOL-42,So,0,ON,,,,,N,,,,,
1D238,GREEK INSTRUMENTAL NOTATION SYMBOL-43,So,0,ON,,,,,N,,,,,
1D239,GREEK INSTRUMENTAL NOTATION SYMBOL-45,So,0,ON,,,,,N,,,,,
1D23A,GREEK INSTRUMENTAL NOTATION SYMBOL-47,So,0,ON,,,,,N,,,,,
1D23B,GREEK INSTRUMENTAL NOTATION SYMBOL-48,So,0,ON,,,,,N,,,,,
1D23C,GREEK INSTRUMENTAL NOTATION SYMBOL-49,So,0,ON,,,,,N,,,,,
1D23D,GREEK INSTRUMENTAL NOTATION SYMBOL-50,So,0,ON,,,,,N,,,,,
1D23E,GREEK INSTRUMENTAL NOTATION SYMBOL-51,So,0,ON,,,,,N,,,,,
1D23F,GREEK INSTRUMENTAL NOTATION SYMBOL-52,So,0,ON,,,,,N,,,,,
1D240,GREEK INSTRUMENTAL NOTATION SYMBOL-53,So,0,ON,,,,,N,,,,,
1D241,GREEK INSTRUMENTAL NOTATION SYMBOL-54,So,0,ON,,,,,N,,,,,
1D242,COMBINING GREEK MUSICAL TRISEME,Mn,230,NSM,,,,,N,,,,,
1D243,COMBINING GREEK MUSICAL TETRASEME,Mn,230,NSM,,,,,N,,,,,
1D244,COMBINING GREEK MUSICAL PENTASEME,Mn,230,NSM,,,,,N,,,,,
1D245,GREEK MUSICAL LEIMMA,So,0,ON,,,,,N,,,,,
1F7A1,THIN GREEK CROSS,So,0,ON,,,,,N,,,,,
1F7A2,LIGHT GREEK CROSS,So,0,ON,,,,,N,,,,,
1F7A3,MEDIUM GREEK CROSS,So,0,ON,,,,,N,,,,,
1F7A4,BOLD GREEK CROSS,So,0,ON,,,,,N,,,,,
1F7A5,VERY BOLD GREEK CROSS,So,0,ON,,,,,N,,,,,
1F7A6,VERY HEAVY GREEK CROSS,So,0,ON,,,,,N,,,,,
1F7A7,EXTREMELY HEAVY GREEK CROSS,So,0,ON,,,,,N,,,,,
1FBBB,VOIDED GREEK CROSS,So,0,ON,,,,,N,,,,,
